{"cameraMode":{"drawMode":0,"name":"Shaded","section":"Shading Mode"},"sceneLighting":true,"audioPlay":false,"sceneViewState":{"m_AlwaysRefresh":false,"showFog":true,"showSkybox":true,"showFlares":true,"showImageEffects":true,"showParticleSystems":true,"showVisualEffectGraphs":true,"m_FxEnabled":true},"in2DMode":false,"pivot":{"x":-0.13841360807418824,"y":-1.859787940979004,"z":-1.5509815216064454},"rotation":{"x":-0.09185906499624253,"y":-0.8479999303817749,"z":0.49799755215644839,"w":-0.15642045438289643},"size":18.00807762145996,"orthographic":true}